dataset,window_idx,config_a,config_b,winner,scores_a,scores_b,reasoning
Weather,0,Template,LLM,B,"{""human_preference"": 2}","{""human_preference"": 5}","B is clear, concise, and focuses on the key points of the forecast, making it easier for a practitioner to understand and act on."
Weather,1,Template,LLM,B,"{""human_preference"": 3}","{""human_preference"": 5}","B is more concise, clear, and informative without including unnecessary details."
Weather,2,Template,LLM,B,"{""human_preference"": 2}","{""human_preference"": 5}","B is clearer, more concise, and focuses on the essential elements of the forecast."
Weather,3,Template,LLM,B,"{""human_preference"": 3}","{""human_preference"": 5}","B is clearer, more concise, and focuses on key insights without extraneous details."
Weather,4,Template,LLM,B,"{""human_preference"": 3}","{""human_preference"": 5}",B is more concise and directly addresses the essential elements of the forecast without unnecessary detail.
Weather,5,Template,LLM,B,"{""human_preference"": 3}","{""human_preference"": 5}","B is clearer, more concise, and easier to understand compared to A, making it preferable for a human expert."
Weather,6,Template,LLM,B,"{""human_preference"": 3}","{""human_preference"": 5}","B is concise, clear, and avoids unnecessary details, making it easier to understand quickly."
Weather,7,Template,LLM,B,"{""human_preference"": 2}","{""human_preference"": 5}","B is clearer, more concise, and focuses on the essential information, making it easier for a practitioner to understand and act on."
Weather,8,Template,LLM,B,"{""human_preference"": 3}","{""human_preference"": 5}","B is more concise and avoids extraneous details, making it easier to understand the core message."
Weather,9,Template,LLM,B,"{""human_preference"": 2}","{""human_preference"": 5}","B is clearer, more concise, and focuses only on the essential elements of the forecast."
Weather,10,Template,LLM,B,"{""human_preference"": 2}","{""human_preference"": 5}","B is clear, concise, and focuses on the essential elements of the forecast, making it easier for a practitioner to understand and act on."
Weather,11,Template,LLM,B,"{""human_preference"": 3}","{""human_preference"": 5}","B is clear, concise, and focuses on the essential elements of the forecast, making it easier for a practitioner to understand and act upon."
Weather,12,Template,LLM,B,"{""human_preference"": 2}","{""human_preference"": 5}","B is concise and focuses on critical information, making it easier for a practitioner to understand and act on."
Weather,13,Template,LLM,B,"{""human_preference"": 3}","{""human_preference"": 5}","B is clearer, more concise, and focuses on the essential information, making it easier for a practitioner to understand and act on."
Weather,14,Template,LLM,B,"{""human_preference"": 3}","{""human_preference"": 5}","B is concise and focuses on key points, making it easier to understand and act upon compared to the verbose nature of A."
Weather,15,Template,LLM,B,"{""human_preference"": 3}","{""human_preference"": 5}","B is clearer and more concise, focusing on the essential elements of the forecast."
Weather,16,Template,LLM,B,"{""human_preference"": 3}","{""human_preference"": 5}","B is clearer, more concise, and avoids extraneous details, making it easier for a practitioner to understand and act on."
Weather,17,Template,LLM,B,"{""human_preference"": 2}","{""human_preference"": 5}","B is concise and focuses on key aspects, making it easier to understand and act upon compared to the verbose and detailed A."
Weather,18,Template,LLM,B,"{""human_preference"": 2}","{""human_preference"": 5}","B is clearer, more concise, and focuses on the essential information without unnecessary details."
Weather,19,Template,LLM,B,"{""human_preference"": 3}","{""human_preference"": 5}","B is clear, concise, and focuses on the essential information, making it easier for a practitioner to understand and act on the forecast."
Weather,20,Template,LLM,B,"{""human_preference"": 2}","{""human_preference"": 5}","B is clearer, more concise, and focuses on the key aspects of the forecast without unnecessary detail."
Weather,21,Template,LLM,B,"{""human_preference"": 2}","{""human_preference"": 5}","B is clearer, more concise, and focuses on the essential information without unnecessary details."
Weather,22,Template,LLM,B,"{""human_preference"": 3}","{""human_preference"": 5}","B is more concise and relevant, focusing on key aspects without unnecessary detail."
Weather,23,Template,LLM,B,"{""human_preference"": 2}","{""human_preference"": 5}","B is clearer, more concise, and focuses only on relevant information, making it easier for a practitioner to understand and act on."
Weather,24,Template,LLM,B,"{""human_preference"": 2}","{""human_preference"": 5}","B is clearer, more concise, and focuses on the essential elements without extraneous detail."
Weather,25,Template,LLM,B,"{""human_preference"": 2}","{""human_preference"": 5}","B is clearer, more concise, and focuses on the critical aspects of the forecast without extraneous details."
Weather,26,Template,LLM,B,"{""human_preference"": 3}","{""human_preference"": 5}","B is clearer, more concise, and focuses on the essential information without unnecessary details."
Weather,27,Template,LLM,B,"{""human_preference"": 2}","{""human_preference"": 5}","B is clear, concise, and highlights the critical elements of the forecast without unnecessary detail."
Weather,28,Template,LLM,B,"{""human_preference"": 2}","{""human_preference"": 5}","B is clearer, more concise, and focuses on the essential information, making it easier for a practitioner to understand and act on."
Weather,29,Template,LLM,B,"{""human_preference"": 2}","{""human_preference"": 5}","B is more concise, clear, and focuses on essential elements, making it easier for a practitioner to grasp the key points quickly."
Weather,30,Template,LLM,B,"{""human_preference"": 2}","{""human_preference"": 5}","B is clearer, more concise, and focuses on key information without extraneous details."
Weather,31,Template,LLM,B,"{""human_preference"": 2}","{""human_preference"": 5}","B is clearer, more concise, and focuses on the critical elements without unnecessary detail."
Weather,32,Template,LLM,B,"{""human_preference"": 2}","{""human_preference"": 5}","B is clear, concise, and focuses on the key aspects of the forecast, making it easier for a practitioner to understand and act on."
Weather,33,Template,LLM,B,"{""human_preference"": 2}","{""human_preference"": 4}","B is clearer, more concise, and focuses on the essential information without unnecessary details."
Weather,34,Template,LLM,B,"{""human_preference"": 3}","{""human_preference"": 5}","B is clearer, more concise, and focuses on the essential information needed for decision-making, making it preferable for a human practitioner."
Weather,35,Template,LLM,B,"{""human_preference"": 3}","{""human_preference"": 5}","B is clearer, more concise, and focuses on essential information without unnecessary details."
Weather,36,Template,LLM,B,"{""human_preference"": 4}","{""human_preference"": 5}","B is more concise and focuses on key information, making it easier for a practitioner to quickly grasp the essentials."
Weather,37,Template,LLM,B,"{""human_preference"": 2}","{""human_preference"": 5}","B is clear, concise, and informative, avoiding unnecessary details that clutter the message."
Weather,38,Template,LLM,B,"{""human_preference"": 3}","{""human_preference"": 5}","B is clearer, more concise, and focuses on the essential information without being repetitive."
Weather,39,Template,LLM,B,"{""human_preference"": 2}","{""human_preference"": 5}","B is concise and focuses on the essential information, whereas A is overly detailed and includes irrelevant specifics."
Weather,40,Template,LLM,B,"{""human_preference"": 3}","{""human_preference"": 5}","B is more concise and clear, providing essential information without unnecessary details."
Weather,41,Template,LLM,B,"{""human_preference"": 3}","{""human_preference"": 5}","B is more concise and focuses on the critical information needed for decision-making, making it easier to understand and act upon."
Weather,42,Template,LLM,B,"{""human_preference"": 3}","{""human_preference"": 5}","B is more concise, clear, and relevant, making it easier for a human expert to understand and act on the forecast."
Weather,43,Template,LLM,B,"{""human_preference"": 3}","{""human_preference"": 5}","B is more concise and focused on the essential elements, making it easier for a human expert to understand and act on."
Weather,44,Template,LLM,B,"{""human_preference"": 2}","{""human_preference"": 5}","B is clearer, more concise, and focuses on the essential information, making it easier for a practitioner to understand and act upon."
Weather,45,Template,LLM,B,"{""human_preference"": 2}","{""human_preference"": 4}","B is clearer, more concise, and focuses on the essential points without unnecessary details."
Weather,46,Template,LLM,B,"{""human_preference"": 3}","{""human_preference"": 5}","B is more concise, clear, and relevant, making it easier for a practitioner to understand and act on the forecast."
Weather,47,Template,LLM,B,"{""human_preference"": 2}","{""human_preference"": 5}","B is clearer, more concise, and focuses on the critical aspects of the forecast."
Weather,48,Template,LLM,B,"{""human_preference"": 2}","{""human_preference"": 5}","B is concise, clear, and focuses on the essential elements of the forecast, making it easier for a practitioner to understand and act on."
Weather,49,Template,LLM,B,"{""human_preference"": 3}","{""human_preference"": 5}","B is more concise, clear, and informative without extraneous details."
Weather,50,Template,LLM,B,"{""human_preference"": 3}","{""human_preference"": 5}","B is clearer and more concise, focusing only on essential information."
Weather,51,Template,LLM,B,"{""human_preference"": 2}","{""human_preference"": 5}","B is concise and focuses on the key aspects of the forecast, whereas A includes unnecessary details that clutter the explanation."
Weather,52,Template,LLM,B,"{""human_preference"": 2}","{""human_preference"": 5}","B is clearer, more concise, and focuses on the essential information without unnecessary details."
Weather,53,Template,LLM,B,"{""human_preference"": 3}","{""human_preference"": 5}","B is clearer, more concise, and focuses only on the essential elements of the forecast."
Weather,54,Template,LLM,B,"{""human_preference"": 3}","{""human_preference"": 5}","B is clearer, more concise, and avoids providing unnecessary details that could confuse the reader."
Weather,55,Template,LLM,B,"{""human_preference"": 3}","{""human_preference"": 5}","B is more concise, clear, and relevant, providing only essential information."
Weather,56,Template,LLM,B,"{""human_preference"": 2}","{""human_preference"": 5}","B is clear, concise, and focuses on the essential elements of the forecast without unnecessary detail."
Weather,57,Template,LLM,B,"{""human_preference"": 2}","{""human_preference"": 5}","B is concise and focuses on key aspects, making it easier for a practitioner to understand and act upon compared to the verbose and detailed A."
Weather,58,Template,LLM,B,"{""human_preference"": 3}","{""human_preference"": 5}","B is clearer and more concise, making it easier for a practitioner to understand the key points quickly."
Weather,59,Template,LLM,B,"{""human_preference"": 2}","{""human_preference"": 5}","B is concise, clear, and focuses on the essential elements of the forecast, making it easier for a practitioner to understand and act on."
Weather,60,Template,LLM,B,"{""human_preference"": 2}","{""human_preference"": 5}","B is clear, concise, and highlights the essential information, making it easier for a practitioner to understand and act on the forecast."
Weather,61,Template,LLM,B,"{""human_preference"": 2}","{""human_preference"": 5}","B is clear, concise, and focuses on the essential elements needed to understand the forecast, unlike A which is overly verbose."
Weather,62,Template,LLM,B,"{""human_preference"": 2}","{""human_preference"": 5}","B is clear, concise, and directly addresses the critical elements of the forecast without unnecessary complexity."
Weather,63,Template,LLM,B,"{""human_preference"": 2}","{""human_preference"": 5}","B is clearer, more concise, and focuses on the key elements of the forecast without unnecessary details."
Weather,64,Template,LLM,B,"{""human_preference"": 3}","{""human_preference"": 5}","B is more concise and easier to understand, focusing on key points without unnecessary details."
Weather,65,Template,LLM,B,"{""human_preference"": 3}","{""human_preference"": 5}","B is clearer, more concise, and focuses on the essential information without extraneous details."
Weather,66,Template,LLM,B,"{""human_preference"": 3}","{""human_preference"": 5}","B is clearer and more concise, focusing on the essential elements of the forecast."
Weather,67,Template,LLM,B,"{""human_preference"": 3}","{""human_preference"": 5}","B is more concise, clear, and focuses on the essential information, making it easier for a human expert to understand and act upon."
Weather,68,Template,LLM,B,"{""human_preference"": 2}","{""human_preference"": 5}","B is clearer, more concise, and focuses on the key aspects of the forecast without unnecessary details."
Weather,69,Template,LLM,B,"{""human_preference"": 2}","{""human_preference"": 5}","B is concise, clear, and focuses on the key aspects of the forecast, making it easier for a practitioner to understand and act on."
Weather,70,Template,LLM,B,"{""human_preference"": 3}","{""human_preference"": 5}","B is clear, concise, and highlights the critical elements without unnecessary details."
Weather,71,Template,LLM,B,"{""human_preference"": 2}","{""human_preference"": 5}","B is clear, concise, and focuses on the essential elements needed to understand the forecast, whereas A is overly verbose and includes unnecessary details."
Weather,72,Template,LLM,B,"{""human_preference"": 3}","{""human_preference"": 5}","B is clearer, more concise, and focuses on the essential information, making it easier for a practitioner to understand and act on."
Weather,73,Template,LLM,B,"{""human_preference"": 2}","{""human_preference"": 5}","B is clear, concise, and focuses on the essential information, making it easier for a practitioner to understand and act on the forecast."
Weather,74,Template,LLM,B,"{""human_preference"": 2}","{""human_preference"": 5}","B is clearer, more concise, and focuses on the key elements of the forecast, making it easier for a practitioner to understand and act on."
Weather,75,Template,LLM,B,"{""human_preference"": 3}","{""human_preference"": 5}","B is clearer and more concise, focusing only on essential information."
Weather,76,Template,LLM,B,"{""human_preference"": 2}","{""human_preference"": 5}","B is concise and focuses on key points, making it easier for a practitioner to grasp the important aspects of the forecast."
Weather,77,Template,LLM,B,"{""human_preference"": 2}","{""human_preference"": 5}","B is clear, concise, and focuses on the essential elements of the forecast, making it easier for a practitioner to understand and act on."
Weather,78,Template,LLM,B,"{""human_preference"": 3}","{""human_preference"": 5}","B is clear, concise, and highlights the key points effectively, making it easier for a practitioner to understand and act on the forecast."
Weather,79,Template,LLM,B,"{""human_preference"": 2}","{""human_preference"": 5}","B is concise and focuses on key aspects, making it easier to understand and act upon compared to the verbose nature of A."
Weather,80,Template,LLM,B,"{""human_preference"": 3}","{""human_preference"": 5}","B is clear, concise, and focuses on the essential information needed for understanding and action."
Weather,81,Template,LLM,B,"{""human_preference"": 3}","{""human_preference"": 5}","B is more concise, clear, and relevant, avoiding unnecessary details."
Weather,82,Template,LLM,B,"{""human_preference"": 3}","{""human_preference"": 5}","B is clearer, more concise, and focuses on the essential information without extraneous details."
Weather,83,Template,LLM,B,"{""human_preference"": 3}","{""human_preference"": 5}","B is clearer, more concise, and focuses on the essential information without extraneous details."
Weather,84,Template,LLM,B,"{""human_preference"": 3}","{""human_preference"": 5}","B is clearer, more concise, and focuses on the key points without unnecessary details."
Weather,85,Template,LLM,B,"{""human_preference"": 2}","{""human_preference"": 5}","B is clearer, more concise, and focuses on the essential elements of the forecast, making it easier for a practitioner to understand and act on."
Weather,86,Template,LLM,B,"{""human_preference"": 2}","{""human_preference"": 5}","B is clearer, more concise, and focuses on the essential elements of the forecast."
Weather,87,Template,LLM,B,"{""human_preference"": 3}","{""human_preference"": 5}","B is concise and focuses on the key aspects, making it easier to understand and act upon compared to the verbose nature of A."
Weather,88,Template,LLM,B,"{""human_preference"": 2}","{""human_preference"": 5}","B is clearer, more concise, and focuses on the essential elements without extraneous details."
Weather,89,Template,LLM,B,"{""human_preference"": 2}","{""human_preference"": 5}","B is concise, relevant, and clear, making it easier for a practitioner to understand and act on the forecast."
Weather,90,Template,LLM,B,"{""human_preference"": 3}","{""human_preference"": 5}","B is more concise and directly addresses the critical aspects of the forecast, making it easier for a practitioner to understand and act on."
Weather,91,Template,LLM,B,"{""human_preference"": 2}","{""human_preference"": 5}","B is clearer, more concise, and focuses on the essential information without unnecessary details."
Weather,92,Template,LLM,B,"{""human_preference"": 2}","{""human_preference"": 5}","B is concise and focuses on key points, making it easier to understand and act upon compared to the verbose and detailed A."
Weather,93,Template,LLM,B,"{""human_preference"": 2}","{""human_preference"": 5}","B is concise and focuses on the critical information, making it easier for a practitioner to understand and act on."
Weather,94,Template,LLM,B,"{""human_preference"": 3}","{""human_preference"": 5}","B is clearer, more concise, and focuses on the key points without unnecessary details."
Weather,95,Template,LLM,B,"{""human_preference"": 3}","{""human_preference"": 5}","B is more concise, clear, and focuses on the critical aspects of the forecast, making it easier for a practitioner to understand and act on."
Weather,96,Template,LLM,B,"{""human_preference"": 2}","{""human_preference"": 5}","B is clearer, more concise, and focuses on the critical elements without unnecessary detail."
Weather,97,Template,LLM,B,"{""human_preference"": 2}","{""human_preference"": 5}","B is clearer, more concise, and focuses on essential information without unnecessary details."
Weather,98,Template,LLM,B,"{""human_preference"": 3}","{""human_preference"": 5}","B is clearer, more concise, and avoids extraneous details, making it easier for a practitioner to understand and act on."
Weather,99,Template,LLM,B,"{""human_preference"": 2}","{""human_preference"": 5}","B is clearer, more concise, and focuses on the essential information without extraneous details."
Weather,100,Template,LLM,B,"{""human_preference"": 2}","{""human_preference"": 5}","B is more concise, clear, and relevant, avoiding unnecessary details that clutter the message."
Weather,101,Template,LLM,B,"{""human_preference"": 3}","{""human_preference"": 5}","B is concise and focuses on the key aspects, making it easier for a practitioner to understand and act on the forecast."
Weather,102,Template,LLM,B,"{""human_preference"": 2}","{""human_preference"": 5}","B is clearer, more concise, and focuses on the essential elements without unnecessary detail."
Weather,103,Template,LLM,B,"{""human_preference"": 2}","{""human_preference"": 4}","B is clearer and more concise, focusing on the key points without extraneous detail."
Weather,104,Template,LLM,B,"{""human_preference"": 2}","{""human_preference"": 5}","B is clear, concise, and provides the essential information without unnecessary details."
Weather,105,Template,LLM,B,"{""human_preference"": 2}","{""human_preference"": 5}","B is clearer, more concise, and focuses only on the essential elements of the forecast."
Weather,106,Template,LLM,B,"{""human_preference"": 2}","{""human_preference"": 4}","B is concise and focuses on key points, making it more actionable and easier to understand compared to A's verbosity."
Weather,107,Template,LLM,B,"{""human_preference"": 2}","{""human_preference"": 5}","B is clearer, more concise, and focuses on the essential information, making it easier for a practitioner to understand and act on."
Weather,108,Template,LLM,B,"{""human_preference"": 3}","{""human_preference"": 5}","B is more concise and clearer, focusing on the essential information without redundancy."
Weather,109,Template,LLM,B,"{""human_preference"": 3}","{""human_preference"": 5}","B is clearer, more concise, and focuses on the critical elements of the forecast."
Weather,110,Template,LLM,B,"{""human_preference"": 2}","{""human_preference"": 5}","B is clear, concise, and focuses on the essential elements of the forecast, making it easier for a practitioner to understand and act on."
Weather,111,Template,LLM,B,"{""human_preference"": 2}","{""human_preference"": 5}","B is clearer, more concise, and focuses only on essential information."
Weather,112,Template,LLM,B,"{""human_preference"": 2}","{""human_preference"": 5}","B is clearer, more concise, and focuses on the essential information, making it easier for a practitioner to understand and act on."
Weather,113,Template,LLM,B,"{""human_preference"": 3}","{""human_preference"": 5}","B is clearer, more concise, and directly relevant to the forecast's implications."
Weather,114,Template,LLM,B,"{""human_preference"": 2}","{""human_preference"": 4}","B is clearer, more concise, and focuses on the essential information without extraneous details."
Weather,115,Template,LLM,B,"{""human_preference"": 2}","{""human_preference"": 5}","B is clearer, more concise, and focuses on essential information without extraneous details."
Weather,116,Template,LLM,B,"{""human_preference"": 2}","{""human_preference"": 5}","B is more concise, clear, and relevant, making it easier for a practitioner to understand the key points quickly."
Weather,117,Template,LLM,B,"{""human_preference"": 3}","{""human_preference"": 5}","B is clearer, more concise, and focuses on the key points without unnecessary details."
Weather,118,Template,LLM,B,"{""human_preference"": 2}","{""human_preference"": 5}","B is clearer, more concise, and focuses on the essential elements of the forecast."
Weather,119,Template,LLM,B,"{""human_preference"": 2}","{""human_preference"": 5}","B is clearer, more concise, and focuses on the essential elements of the forecast, making it easier for a practitioner to understand and act on."
Weather,120,Template,LLM,B,"{""human_preference"": 3}","{""human_preference"": 5}","B is more concise, clear, and directly addresses the key points without extraneous information."
Weather,121,Template,LLM,A,"{""human_preference"": 4}","{""human_preference"": 3}","A offers a detailed yet clear explanation, providing a thorough understanding of the forecast despite including some extra information."
Weather,122,Template,LLM,B,"{""human_preference"": 3}","{""human_preference"": 5}","B is more concise and easier to understand, focusing on the critical information without extraneous details."
Weather,123,Template,LLM,B,"{""human_preference"": 3}","{""human_preference"": 5}","B is clearer and more concise, focusing on the essential information without unnecessary details."
Weather,124,Template,LLM,B,"{""human_preference"": 3}","{""human_preference"": 4}","B is clearer and more concise, making it easier for a practitioner to understand the key points quickly."
Weather,125,Template,LLM,B,"{""human_preference"": 2}","{""human_preference"": 5}","B is clearer, more concise, and focuses on the essential elements of the forecast, making it easier for a practitioner to understand and act upon."
Weather,126,Template,LLM,B,"{""human_preference"": 2}","{""human_preference"": 5}","B is clearer, more concise, and focuses only on relevant information."
Weather,127,Template,LLM,B,"{""human_preference"": 2}","{""human_preference"": 5}","B is concise, clear, and focuses on the essential elements of the forecast, making it easier for a practitioner to understand and act on."
Weather,128,Template,LLM,B,"{""human_preference"": 2}","{""human_preference"": 5}","B is clear, concise, and focuses on the key points, making it easier for a practitioner to understand and act on the forecast."
Weather,129,Template,LLM,B,"{""human_preference"": 2}","{""human_preference"": 4}","B is clearer, more concise, and focuses on the critical aspects of the forecast without unnecessary details."
Weather,130,Template,LLM,B,"{""human_preference"": 3}","{""human_preference"": 5}","B is more concise and clear, focusing only on the essential elements of the forecast."
Weather,131,Template,LLM,B,"{""human_preference"": 3}","{""human_preference"": 5}","B is clearer, more concise, and highlights critical aspects without unnecessary detail."
Weather,132,Template,LLM,B,"{""human_preference"": 2}","{""human_preference"": 5}","B is clear, concise, and focuses on the essential elements of the forecast, making it easier for a practitioner to understand and act on."
Weather,133,Template,LLM,B,"{""human_preference"": 2}","{""human_preference"": 5}","B is clear, concise, and focuses on the essential elements of the forecast, making it easier for a practitioner to understand and act on."
Weather,134,Template,LLM,B,"{""human_preference"": 3}","{""human_preference"": 5}","B is clearer, more concise, and focuses on the essential elements of the forecast."
Weather,135,Template,LLM,B,"{""human_preference"": 3}","{""human_preference"": 5}","B is more concise, clear, and informative without extraneous details."
Weather,136,Template,LLM,B,"{""human_preference"": 2}","{""human_preference"": 5}","B is concise, clear, and focuses on essential information, making it easier for a practitioner to understand and act on."
Weather,137,Template,LLM,B,"{""human_preference"": 2}","{""human_preference"": 5}","B is concise, clear, and focuses on the essential elements of the forecast, making it easier for a practitioner to understand and act on."
Weather,138,Template,LLM,B,"{""human_preference"": 3}","{""human_preference"": 5}","B is clearer, more concise, and focuses on the essential elements of the forecast."
Weather,139,Template,LLM,B,"{""human_preference"": 3}","{""human_preference"": 5}","B is more concise, clear, and focuses on the critical aspects of the forecast without unnecessary detail."
Weather,140,Template,LLM,B,"{""human_preference"": 2}","{""human_preference"": 5}","B is clearer, more concise, and focuses on the key elements of the forecast, making it easier for a practitioner to understand and act on."
Weather,141,Template,LLM,B,"{""human_preference"": 2}","{""human_preference"": 5}","B is clear, concise, and directly addresses the critical aspects of the forecast without unnecessary complexity."
Weather,142,Template,LLM,B,"{""human_preference"": 3}","{""human_preference"": 5}","B is concise and focuses on key information, making it easier to understand and act upon compared to the verbose and detailed A."
Weather,143,Template,LLM,B,"{""human_preference"": 2}","{""human_preference"": 5}","B is clearer, more concise, and focuses on the essential information without unnecessary details."
Weather,144,Template,LLM,B,"{""human_preference"": 3}","{""human_preference"": 5}","B is clearer, more concise, and focuses on essential information without unnecessary detail."
Weather,145,Template,LLM,B,"{""human_preference"": 3}","{""human_preference"": 5}","B is more concise, clear, and relevant, providing a professional summary without unnecessary details."
Weather,146,Template,LLM,B,"{""human_preference"": 2}","{""human_preference"": 5}","B is clearer, more concise, and relevant, making it easier for a practitioner to understand and act on the forecast."
Weather,147,Template,LLM,B,"{""human_preference"": 3}","{""human_preference"": 5}","B is concise and focuses on key elements, making it easier to understand and act upon compared to the verbose and detailed A."
Weather,148,Template,LLM,B,"{""human_preference"": 2}","{""human_preference"": 5}","B is clearer and more concise, focusing on the essential information without extraneous details."
Weather,149,Template,LLM,B,"{""human_preference"": 3}","{""human_preference"": 5}","B is concise, clear, and directly relevant to the current forecast situation, whereas A is overly verbose and includes unnecessary details."
Weather,150,Template,LLM,B,"{""human_preference"": 3}","{""human_preference"": 5}","B is more concise and relevant, focusing on key aspects without unnecessary detail."
Weather,151,Template,LLM,B,"{""human_preference"": 2}","{""human_preference"": 5}","B is clearer, more concise, and focuses on the essential information needed for understanding the forecast and risks."
Weather,152,Template,LLM,B,"{""human_preference"": 2}","{""human_preference"": 5}","B is clear, concise, and highlights critical elements without unnecessary detail."
Weather,153,Template,LLM,B,"{""human_preference"": 3}","{""human_preference"": 5}","B is more concise and focuses on key points, making it easier to understand and act upon."
Weather,154,Template,LLM,B,"{""human_preference"": 3}","{""human_preference"": 5}","B is concise and focuses on key information, making it easier to understand and act upon compared to the verbose nature of A."
Weather,155,Template,LLM,B,"{""human_preference"": 3}","{""human_preference"": 5}","B is more concise, clear, and focuses on the essential information needed to understand the forecast."
Weather,156,Template,LLM,B,"{""human_preference"": 2}","{""human_preference"": 5}","B is clear, concise, and highlights critical elements without unnecessary detail."
Weather,157,Template,LLM,B,"{""human_preference"": 3}","{""human_preference"": 5}","B is clearer and more concise, focusing on essential information without extraneous detail."
Weather,158,Template,LLM,B,"{""human_preference"": 2}","{""human_preference"": 5}","B is clear, concise, and focuses on the essential information, whereas A is overly detailed and confusing."
Weather,159,Template,LLM,B,"{""human_preference"": 2}","{""human_preference"": 5}","B is clear, concise, and highlights the essential information, whereas A is overly detailed and includes irrelevant specifics."
Weather,160,Template,LLM,B,"{""human_preference"": 3}","{""human_preference"": 4}","B is more concise and relevant, providing the key information without unnecessary details."
Weather,161,Template,LLM,B,"{""human_preference"": 2}","{""human_preference"": 5}","B is clear, concise, and focuses on the essential elements of the forecast, making it easier for a practitioner to understand and act on."
Weather,162,Template,LLM,B,"{""human_preference"": 2}","{""human_preference"": 5}","B is clearer, more concise, and focuses on the key aspects of the forecast without unnecessary details."
Weather,163,Template,LLM,B,"{""human_preference"": 3}","{""human_preference"": 5}","B is more concise and focuses on the essential elements of the forecast, making it easier for a human expert to understand and act on."
Weather,164,Template,LLM,B,"{""human_preference"": 2}","{""human_preference"": 5}","B is clearer, more concise, and focuses on the essential elements without extraneous detail."
Weather,165,Template,LLM,B,"{""human_preference"": 2}","{""human_preference"": 5}","B is clear, concise, and focuses on the essential elements of the forecast, making it easier for a practitioner to understand and act on."
Weather,166,Template,LLM,B,"{""human_preference"": 3}","{""human_preference"": 5}","B is concise and focuses on the essential elements of the forecast, making it easier for a practitioner to understand and act on the information."
Weather,167,Template,LLM,B,"{""human_preference"": 2}","{""human_preference"": 5}","B is clearer, more concise, and focuses on the key aspects of the forecast, making it easier for a practitioner to understand and act on."
Weather,168,Template,LLM,B,"{""human_preference"": 2}","{""human_preference"": 5}","B is clearer, more concise, and focuses only on essential information relevant to the forecast."
Weather,169,Template,LLM,B,"{""human_preference"": 2}","{""human_preference"": 5}","B is clearer, more concise, and focuses on the essential elements of the forecast without unnecessary details."
Weather,170,Template,LLM,B,"{""human_preference"": 2}","{""human_preference"": 5}","B is concise, clear, and relevant, whereas A is overly detailed and includes irrelevant information."
Weather,171,Template,LLM,B,"{""human_preference"": 2}","{""human_preference"": 4}","B is clearer, more concise, and relevant, making it easier for a practitioner to understand and act on the forecast."
Weather,172,Template,LLM,B,"{""human_preference"": 3}","{""human_preference"": 5}","B is clearer, more concise, and focuses on the essential information without unnecessary details."
Weather,173,Template,LLM,B,"{""human_preference"": 2}","{""human_preference"": 5}","B is clearer, more concise, and focuses only on essential information, making it easier for a practitioner to understand and act on."
Weather,174,Template,LLM,B,"{""human_preference"": 2}","{""human_preference"": 5}","B is concise and focuses on key information, making it easier to understand and act upon compared to the verbose and detailed A."
Weather,175,Template,LLM,B,"{""human_preference"": 3}","{""human_preference"": 5}","B is clearer, more concise, and directly relevant to the current forecast, omitting unnecessary details."
Weather,176,Template,LLM,B,"{""human_preference"": 3}","{""human_preference"": 5}","B is clearer, more concise, and relevant, making it easier for a practitioner to understand and act on the forecast."
Weather,177,Template,LLM,B,"{""human_preference"": 2}","{""human_preference"": 5}","B is clear, concise, and focuses on the essential elements of the forecast, making it easier for a practitioner to understand and act on."
Weather,178,Template,LLM,B,"{""human_preference"": 2}","{""human_preference"": 5}","B is more concise, clear, and relevant, focusing only on essential information."
Weather,179,Template,LLM,B,"{""human_preference"": 2}","{""human_preference"": 5}","B is clearer, more concise, and focuses on the critical elements of the forecast, making it easier for a practitioner to understand and act on."
Weather,180,Template,LLM,B,"{""human_preference"": 3}","{""human_preference"": 5}","B is more concise and easier to understand, focusing on the critical aspects of the forecast."
Weather,181,Template,LLM,B,"{""human_preference"": 3}","{""human_preference"": 5}",B is clearer and more concise without losing critical information.
Weather,182,Template,LLM,B,"{""human_preference"": 2}","{""human_preference"": 5}","B is clear, concise, and focuses on the key aspects of the forecast, making it easier for a practitioner to understand and act on."
Weather,183,Template,LLM,B,"{""human_preference"": 2}","{""human_preference"": 5}","B is clearer, more concise, and focuses only on essential information, making it easier for a practitioner to understand and act upon."
Weather,184,Template,LLM,B,"{""human_preference"": 2}","{""human_preference"": 5}","B is clear, concise, and provides the essential information needed for understanding the forecast, whereas A is overly verbose and includes unnecessary details."
Weather,185,Template,LLM,B,"{""human_preference"": 2}","{""human_preference"": 5}","B is clearer, more concise, and focuses on the essential information without extraneous details."
Weather,186,Template,LLM,B,"{""human_preference"": 2}","{""human_preference"": 5}","B is clearer, more concise, and focuses on the key points without unnecessary detail."
Weather,187,Template,LLM,B,"{""human_preference"": 3}","{""human_preference"": 5}","B is clearer, more concise, and focuses on the essential information without extraneous details."
Weather,188,Template,LLM,B,"{""human_preference"": 3}","{""human_preference"": 5}","B is more concise and directly addresses the critical aspects of the forecast, making it easier for a practitioner to understand and act on."
Weather,189,Template,LLM,B,"{""human_preference"": 2}","{""human_preference"": 5}","B is clear, concise, and directly addresses the key aspects of the forecast without unnecessary detail."
Weather,190,Template,LLM,B,"{""human_preference"": 2}","{""human_preference"": 5}","B is clearer and more concise, focusing on the essential information without unnecessary details."
Weather,191,Template,LLM,B,"{""human_preference"": 2}","{""human_preference"": 5}","B is clear, concise, and focuses on the essential information, making it easier for a practitioner to understand and act on the forecast."
Weather,192,Template,LLM,B,"{""human_preference"": 3}","{""human_preference"": 5}","B is clearer and more concise, making it easier for a practitioner to understand the key points quickly."
Weather,193,Template,LLM,B,"{""human_preference"": 2}","{""human_preference"": 5}","B is clearer, more concise, and focuses on the essential information without unnecessary details."
Weather,194,Template,LLM,B,"{""human_preference"": 3}","{""human_preference"": 5}","B is clearer, more concise, and easier to comprehend without sacrificing important details."
Weather,195,Template,LLM,B,"{""human_preference"": 2}","{""human_preference"": 5}","B is clearer, more concise, and focuses on essential information without unnecessary details."
Weather,196,Template,LLM,B,"{""human_preference"": 2}","{""human_preference"": 5}","B is clearer, more concise, and focuses on the essential elements without unnecessary detail."
Weather,197,Template,LLM,B,"{""human_preference"": 2}","{""human_preference"": 5}","B is more concise, clear, and relevant to the current forecast, omitting unnecessary details."
Weather,198,Template,LLM,B,"{""human_preference"": 2}","{""human_preference"": 5}","B is clearer, more concise, and focuses only on relevant information."
Weather,199,Template,LLM,B,"{""human_preference"": 2}","{""human_preference"": 5}","B is clear, concise, and focuses on the key aspects of the forecast, making it easier for a practitioner to understand and act on."
